Id, Image, Time, X, Y, Z, Heading, Roll, Pitch, Camera, Quality, Line, Color, AccuracyXyz
1,p000000.jpg,1727874872.6303,0.0413,0.0327,0.1859,-0.8694,-0.7251,1.8214,0,1,0,C0;0;0;0;0;0,0.1
2,p000001.jpg,1727874873.6723,0.0496,0.0231,0.1827,-0.7934,-0.5625,1.8599,0,1,0,C0;0;0;0;0;0,0.1
3,p000002.jpg,1727874874.6723,0.0275,0.0359,0.1721,-0.7635,-0.6453,1.7224,0,1,0,C0;0;0;0;0;0,0.1
4,p000003.jpg,1727874875.6723,0.0383,0.0262,0.1832,-0.9277,-0.3735,1.8562,0,1,0,C0;0;0;0;0;0,0.1
5,p000004.jpg,1727874876.7133,0.0431,0.0371,0.1712,-0.7155,-0.4891,1.8494,0,1,0,C0;0;0;0;0;0,0.1
6,p000005.jpg,1727874877.7133,0.0330,0.0256,0.1891,-0.9225,-0.8463,1.5450,0,1,0,C0;0;0;0;0;0,0.1
7,p000006.jpg,1727874878.7133,0.0416,0.0207,0.1769,-0.7707,-0.7279,1.6068,0,1,0,C0;0;0;0;0;0,0.1
8,p000007.jpg,1727874879.7133,0.0389,0.0200,0.1725,-0.8492,-0.7044,1.4818,0,1,0,C0;0;0;0;0;0,0.1
9,p000008.jpg,1727874880.7553,0.0384,0.0192,0.1816,-0.8739,-0.6793,1.6663,0,1,0,C0;0;0;0;0;0,0.1
10,p000009.jpg,1727874881.7553,0.0404,0.0313,0.1636,-0.7168,-0.6123,1.7274,0,1,0,C0;0;0;0;0;0,0.1
11,p000010.jpg,1727874882.7553,0.0212,0.0252,0.1894,-0.8931,-0.2188,1.7155,0,1,0,C0;0;0;0;0;0,0.1
12,p000011.jpg,1727874883.7553,0.0540,0.0201,0.1847,-1.0729,-0.2155,1.7763,0,1,0,C0;0;0;0;0;0,0.1
13,p000012.jpg,1727874884.7973,0.0448,0.0283,0.1758,-1.1899,-0.3488,1.6876,0,1,0,C0;0;0;0;0;0,0.1
14,p000013.jpg,1727874885.7973,0.0437,0.0164,0.1815,-1.2734,-0.1709,1.8929,0,1,0,C0;0;0;0;0;0,0.1
15,p000014.jpg,1727874886.7973,0.0479,0.0322,0.1691,-1.0579,-0.2990,1.8545,0,1,0,C0;0;0;0;0;0,0.1
16,p000015.jpg,1727874887.8383,0.0137,0.0294,0.1961,2.7271,-2.2601,1.2234,0,1,0,C0;0;0;0;0;0,0.1
17,p000016.jpg,1727874888.8383,-0.0919,-0.1086,0.4469,22.1074,2.4835,2.5750,0,1,0,C0;0;0;0;0;0,0.1
18,p000017.jpg,1727874889.8383,-0.3530,-0.2962,0.6662,30.5443,0.0965,-2.3438,0,1,0,C0;0;0;0;0;0,0.1
19,p000018.jpg,1727874890.8383,-0.5310,-0.3264,0.7057,22.0193,-0.1120,-2.7602,0,1,0,C0;0;0;0;0;0,0.1
20,p000019.jpg,1727874891.8803,-0.7223,-0.0133,0.6863,22.5828,1.7160,-1.5558,0,1,0,C0;0;0;0;0;0,0.1
21,p000020.jpg,1727874892.8803,-0.7348,0.5267,0.6990,20.2857,-1.9432,-3.5485,0,1,0,C0;0;0;0;0;0,0.1
22,p000021.jpg,1727874893.8803,-0.8854,1.0619,0.6809,27.4461,0.5345,-2.9957,0,1,0,C0;0;0;0;0;0,0.1
23,p000022.jpg,1727874894.8803,-0.9815,1.7568,0.6997,29.0006,-0.4694,-2.0165,0,1,0,C0;0;0;0;0;0,0.1
24,p000023.jpg,1727874895.9223,-1.0896,2.4144,0.6833,39.3363,0.4755,-4.9762,0,1,0,C0;0;0;0;0;0,0.1
25,p000024.jpg,1727874896.9223,-1.0832,2.9996,0.6991,45.2945,0.7561,-3.4408,0,1,0,C0;0;0;0;0;0,0.1
26,p000025.jpg,1727874897.9633,-1.0147,3.3192,0.7329,49.1260,2.0263,-3.3762,0,1,0,C0;0;0;0;0;0,0.1
27,p000026.jpg,1727874898.9633,-0.5892,3.3751,0.6842,42.3587,2.4561,-3.6541,0,1,0,C0;0;0;0;0;0,0.1
28,p000027.jpg,1727874899.9633,-0.1053,3.3279,0.7120,38.4489,1.0441,-0.1541,0,1,0,C0;0;0;0;0;0,0.1
29,p000028.jpg,1727874901.0053,0.3845,3.1067,0.6895,31.2515,3.0237,-3.4003,0,1,0,C0;0;0;0;0;0,0.1
30,p000029.jpg,1727874902.0053,0.8906,2.9730,0.6868,25.9035,4.2602,-1.2905,0,1,0,C0;0;0;0;0;0,0.1
31,p000030.jpg,1727874903.0053,1.4719,2.8351,0.6904,26.2401,2.6167,-2.8892,0,1,0,C0;0;0;0;0;0,0.1
32,p000031.jpg,1727874904.0053,2.0485,2.6800,0.6770,18.9483,3.8259,-1.8639,0,1,0,C0;0;0;0;0;0,0.1
33,p000032.jpg,1727874905.0473,2.7519,2.5792,0.6618,23.2596,3.1674,-4.1025,0,1,0,C0;0;0;0;0;0,0.1
34,p000033.jpg,1727874906.0463,3.3346,2.3910,0.6709,20.8272,5.4757,-1.9121,0,1,0,C0;0;0;0;0;0,0.1
35,p000034.jpg,1727874907.0463,3.7947,2.4552,0.6549,13.7013,4.2013,-0.5240,0,1,0,C0;0;0;0;0;0,0.1
36,p000035.jpg,1727874908.0463,4.2920,2.3782,0.6675,16.5484,5.9680,-2.9802,0,1,0,C0;0;0;0;0;0,0.1
37,p000036.jpg,1727874909.0883,4.8082,2.5035,0.6436,8.2924,7.6662,0.0213,0,1,0,C0;0;0;0;0;0,0.1
38,p000037.jpg,1727874910.0883,5.3296,2.5235,0.6756,7.4547,3.1322,1.7334,0,1,0,C0;0;0;0;0;0,0.1
39,p000038.jpg,1727874911.0883,5.8593,2.6142,0.6639,7.7061,4.5784,5.1806,0,1,0,C0;0;0;0;0;0,0.1
40,p000039.jpg,1727874912.1293,6.4847,2.7417,0.6535,8.4937,5.6913,2.9627,0,1,0,C0;0;0;0;0;0,0.1
41,p000040.jpg,1727874913.1303,6.9922,2.6794,0.7091,-0.8582,3.5128,1.1120,0,1,0,C0;0;0;0;0;0,0.1
42,p000041.jpg,1727874914.1303,7.5559,2.7027,0.6941,-2.6771,4.3876,4.4287,0,1,0,C0;0;0;0;0;0,0.1
43,p000042.jpg,1727874915.1303,8.1623,2.6820,0.6825,0.9901,1.0736,5.6034,0,1,0,C0;0;0;0;0;0,0.1
44,p000043.jpg,1727874916.1713,8.8685,2.6637,0.6607,-1.9601,2.4875,3.4976,0,1,0,C0;0;0;0;0;0,0.1
45,p000044.jpg,1727874917.1713,9.5002,2.7743,0.6170,2.5779,5.8335,3.2243,0,1,0,C0;0;0;0;0;0,0.1
46,p000045.jpg,1727874918.1713,10.1890,2.7882,0.5887,5.5006,3.6568,-0.5424,0,1,0,C0;0;0;0;0;0,0.1
47,p000046.jpg,1727874919.1713,10.8659,2.8660,0.5379,0.3301,1.4293,2.2404,0,1,0,C0;0;0;0;0;0,0.1
48,p000047.jpg,1727874920.2133,11.5310,2.9929,0.5521,-6.4275,3.5646,-0.6241,0,1,0,C0;0;0;0;0;0,0.1
49,p000048.jpg,1727874921.2133,12.0062,2.9196,0.6100,-15.9181,1.2324,0.5612,0,1,0,C0;0;0;0;0;0,0.1
50,p000049.jpg,1727874922.2133,12.2187,2.8341,0.6073,-23.1814,1.4045,1.5448,0,1,0,C0;0;0;0;0;0,0.1
51,p000050.jpg,1727874923.2133,12.6799,2.7980,0.6395,-39.2106,-0.9852,5.3625,0,1,0,C0;0;0;0;0;0,0.1
52,p000051.jpg,1727874924.2553,12.9411,2.8655,0.6529,-28.7844,0.2219,3.3550,0,1,0,C0;0;0;0;0;0,0.1
53,p000052.jpg,1727874925.2553,12.9064,2.8398,0.6485,-37.6838,1.5007,2.8096,0,1,0,C0;0;0;0;0;0,0.1
54,p000053.jpg,1727874926.2553,12.6331,2.6954,0.6281,-29.9295,4.3598,0.9156,0,1,0,C0;0;0;0;0;0,0.1
55,p000054.jpg,1727874927.2963,12.1582,2.4700,0.6116,-31.4280,2.0868,5.8059,0,1,0,C0;0;0;0;0;0,0.1
56,p000055.jpg,1727874928.2963,11.7393,1.9908,0.6088,-34.1866,5.4271,3.6332,0,1,0,C0;0;0;0;0;0,0.1
57,p000056.jpg,1727874929.2963,11.2897,1.5335,0.6035,-31.3674,3.5071,2.2660,0,1,0,C0;0;0;0;0;0,0.1
58,p000057.jpg,1727874930.2963,10.8572,1.1726,0.5858,-30.7872,5.5876,0.6266,0,1,0,C0;0;0;0;0;0,0.1
59,p000058.jpg,1727874931.3383,10.4478,0.6633,0.6112,-28.0294,3.7316,0.6314,0,1,0,C0;0;0;0;0;0,0.1
60,p000059.jpg,1727874932.3383,9.9438,0.2691,0.5893,-34.0206,3.0078,1.4503,0,1,0,C0;0;0;0;0;0,0.1
61,p000060.jpg,1727874933.3383,9.4963,-0.2220,0.5898,-32.6165,4.0740,0.1897,0,1,0,C0;0;0;0;0;0,0.1
62,p000061.jpg,1727874934.3383,8.9428,-0.5931,0.5655,-27.1549,2.0833,-0.9330,0,1,0,C0;0;0;0;0;0,0.1
63,p000062.jpg,1727874935.3803,8.3855,-0.9276,0.5518,-24.8928,4.8242,-1.7838,0,1,0,C0;0;0;0;0;0,0.1
64,p000063.jpg,1727874936.3803,7.9169,-1.1998,0.5811,-16.5865,1.4822,-2.8265,0,1,0,C0;0;0;0;0;0,0.1
65,p000064.jpg,1727874937.3803,7.3446,-1.3612,0.5854,-20.9491,2.3055,-1.9161,0,1,0,C0;0;0;0;0;0,0.1
66,p000065.jpg,1727874938.4213,6.7823,-1.5845,0.5871,-15.7034,4.2496,-4.3010,0,1,0,C0;0;0;0;0;0,0.1
67,p000066.jpg,1727874939.4213,6.1396,-1.6061,0.5855,-11.8948,0.9178,-0.6414,0,1,0,C0;0;0;0;0;0,0.1
68,p000067.jpg,1727874940.4213,5.5019,-1.7303,0.6149,-9.2448,3.1019,-0.7704,0,1,0,C0;0;0;0;0;0,0.1
69,p000068.jpg,1727874941.4633,4.8131,-1.7639,0.6146,-4.6503,3.2581,-0.9084,0,1,0,C0;0;0;0;0;0,0.1
70,p000069.jpg,1727874942.4633,4.1325,-1.7966,0.6151,-3.4922,4.3174,-2.2967,0,1,0,C0;0;0;0;0;0,0.1
71,p000070.jpg,1727874943.4633,3.4852,-1.8084,0.6594,2.6027,4.7682,-2.8982,0,1,0,C0;0;0;0;0;0,0.1
72,p000071.jpg,1727874944.4633,2.9208,-1.6204,0.6545,4.8534,2.7033,-0.3097,0,1,0,C0;0;0;0;0;0,0.1
73,p000072.jpg,1727874945.5053,2.3776,-1.3653,0.6857,8.9289,1.2562,-3.1499,0,1,0,C0;0;0;0;0;0,0.1
74,p000073.jpg,1727874946.5053,2.1293,-0.8773,0.6784,8.0995,-0.7967,-1.4242,0,1,0,C0;0;0;0;0;0,0.1
75,p000074.jpg,1727874947.5053,1.9451,-0.4075,0.6734,11.0790,-0.0591,-1.6536,0,1,0,C0;0;0;0;0;0,0.1
76,p000075.jpg,1727874948.5463,2.0635,0.1334,0.6842,4.2633,0.2112,-3.1678,0,1,0,C0;0;0;0;0;0,0.1
77,p000076.jpg,1727874949.5463,2.1086,0.6482,0.6920,3.6686,-1.1266,1.2663,0,1,0,C0;0;0;0;0;0,0.1
78,p000077.jpg,1727874950.5463,2.3721,1.1192,0.7251,0.8870,-4.3947,1.2345,0,1,0,C0;0;0;0;0;0,0.1
79,p000078.jpg,1727874951.5483,2.8249,1.5047,0.7368,5.1080,0.1942,1.5588,0,1,0,C0;0;0;0;0;0,0.1
80,p000079.jpg,1727874952.5903,3.4367,1.6405,0.7210,5.7541,-1.6422,-1.7340,0,1,0,C0;0;0;0;0;0,0.1
81,p000080.jpg,1727874953.5903,4.0481,1.7741,0.7512,10.3413,-0.0678,0.4560,0,1,0,C0;0;0;0;0;0,0.1
82,p000081.jpg,1727874954.5903,4.5870,1.6284,0.7313,7.2279,2.4345,-1.0949,0,1,0,C0;0;0;0;0;0,0.1
83,p000082.jpg,1727874955.6323,4.9774,1.3679,0.7245,0.0878,0.0059,-1.4087,0,1,0,C0;0;0;0;0;0,0.1
84,p000083.jpg,1727874956.6313,5.1239,1.0098,0.7185,1.6149,1.5321,-2.4085,0,1,0,C0;0;0;0;0;0,0.1
85,p000084.jpg,1727874957.6733,5.3753,0.6484,0.7042,-1.6418,1.7663,-1.8595,0,1,0,C0;0;0;0;0;0,0.1
86,p000085.jpg,1727874958.6733,5.5679,0.2281,0.7075,-0.3150,1.3127,-3.6915,0,1,0,C0;0;0;0;0;0,0.1
87,p000086.jpg,1727874959.7153,5.6027,-0.2436,0.6674,-0.6393,0.3024,-2.9940,0,1,0,C0;0;0;0;0;0,0.1
88,p000087.jpg,1727874960.7153,5.7076,-0.6760,0.6654,-4.8740,-0.6250,-4.2502,0,1,0,C0;0;0;0;0;0,0.1
89,p000088.jpg,1727874961.7153,5.8690,-1.1178,0.6529,-3.3467,1.6466,-3.0839,0,1,0,C0;0;0;0;0;0,0.1
90,p000089.jpg,1727874962.7153,6.2211,-1.4549,0.6302,-4.0186,0.6056,-1.8617,0,1,0,C0;0;0;0;0;0,0.1
91,p000090.jpg,1727874963.7563,6.6763,-1.7296,0.6372,-5.6290,-1.1541,-1.0674,0,1,0,C0;0;0;0;0;0,0.1
92,p000091.jpg,1727874964.7563,7.2104,-1.6496,0.6011,-3.5018,-0.6854,-0.8518,0,1,0,C0;0;0;0;0;0,0.1
93,p000092.jpg,1727874965.7563,7.8312,-1.5407,0.5833,-0.2280,-0.4307,-2.5160,0,1,0,C0;0;0;0;0;0,0.1
94,p000093.jpg,1727874966.7563,8.4582,-1.2429,0.5692,1.1442,-0.7271,-3.3444,0,1,0,C0;0;0;0;0;0,0.1
95,p000094.jpg,1727874967.7983,9.1223,-1.0175,0.5935,-1.0898,-2.0076,-1.3578,0,1,0,C0;0;0;0;0;0,0.1
96,p000095.jpg,1727874968.7983,9.8904,-0.8356,0.6522,-2.1146,-1.6132,-3.0354,0,1,0,C0;0;0;0;0;0,0.1
97,p000096.jpg,1727874969.7983,10.5653,-0.5769,0.6370,-3.2433,0.2237,0.7762,0,1,0,C0;0;0;0;0;0,0.1
98,p000097.jpg,1727874970.8403,11.2387,-0.2756,0.6323,-9.9331,-0.0484,-3.1535,0,1,0,C0;0;0;0;0;0,0.1
99,p000098.jpg,1727874971.8403,11.7812,0.1730,0.6489,-14.1273,-0.0809,-1.1984,0,1,0,C0;0;0;0;0;0,0.1
100,p000099.jpg,1727874972.8403,12.2220,0.6493,0.6648,-18.8693,-2.8619,-1.8682,0,1,0,C0;0;0;0;0;0,0.1
101,p000100.jpg,1727874973.8403,12.5150,1.2112,0.6883,-23.5454,-0.7546,-2.2739,0,1,0,C0;0;0;0;0;0,0.1
102,p000101.jpg,1727874974.8813,12.5426,1.8102,0.6518,-25.2189,0.6060,-0.8022,0,1,0,C0;0;0;0;0;0,0.1
103,p000102.jpg,1727874975.8813,12.2932,2.2695,0.6657,-25.2340,0.9921,0.2977,0,1,0,C0;0;0;0;0;0,0.1
104,p000103.jpg,1727874976.8813,11.7499,2.4916,0.6435,-26.3699,1.7237,1.2492,0,1,0,C0;0;0;0;0;0,0.1
105,p000104.jpg,1727874977.9233,11.1384,2.5846,0.6282,-34.1240,0.5351,1.0407,0,1,0,C0;0;0;0;0;0,0.1
106,p000105.jpg,1727874978.9233,10.4059,2.6952,0.6530,-34.5002,0.5482,2.6653,0,1,0,C0;0;0;0;0;0,0.1
107,p000106.jpg,1727874979.9233,9.6764,2.6313,0.6577,-34.7705,1.0249,0.1278,0,1,0,C0;0;0;0;0;0,0.1
108,p000107.jpg,1727874980.9653,9.0026,2.7038,0.6884,-37.2893,-2.4526,3.7479,0,1,0,C0;0;0;0;0;0,0.1
109,p000108.jpg,1727874981.9653,8.3112,2.8245,0.7140,-31.3740,0.5501,1.7765,0,1,0,C0;0;0;0;0;0,0.1
110,p000109.jpg,1727874982.9653,7.6650,3.0578,0.7535,-20.8680,-0.8477,3.1800,0,1,0,C0;0;0;0;0;0,0.1
111,p000110.jpg,1727874984.0063,7.1371,3.3811,0.7809,-13.6392,0.2589,0.7805,0,1,0,C0;0;0;0;0;0,0.1
112,p000111.jpg,1727874985.0063,6.7217,3.7709,0.7817,-2.6728,-0.2541,0.4645,0,1,0,C0;0;0;0;0;0,0.1
113,p000112.jpg,1727874986.0063,6.5166,4.3858,0.8091,1.7121,-0.8346,1.2523,0,1,0,C0;0;0;0;0;0,0.1
114,p000113.jpg,1727874987.0063,6.3260,4.9420,0.8320,6.6463,0.7250,1.8598,0,1,0,C0;0;0;0;0;0,0.1
115,p000114.jpg,1727874988.0483,6.3098,5.5589,1.0127,4.9902,-1.7002,-2.8999,0,1,0,C0;0;0;0;0;0,0.1
116,p000115.jpg,1727874989.0483,6.2408,5.9422,1.2009,7.6761,-0.9782,-3.8904,0,1,0,C0;0;0;0;0;0,0.1
117,p000116.jpg,1727874990.0483,6.2166,6.2774,1.2095,-1.5259,-1.5699,-2.8388,0,1,0,C0;0;0;0;0;0,0.1
118,p000117.jpg,1727874991.0483,6.0182,6.2456,1.2056,-29.6958,0.2434,-3.7800,0,1,0,C0;0;0;0;0;0,0.1
119,p000118.jpg,1727874992.0903,5.9417,6.1975,1.2092,-40.2478,0.6063,-5.1212,0,1,0,C0;0;0;0;0;0,0.1
120,p000119.jpg,1727874993.0903,6.1569,6.2510,1.2132,-7.2711,-0.1904,-3.7776,0,1,0,C0;0;0;0;0;0,0.1
121,p000120.jpg,1727874994.0903,6.4320,6.1871,1.2095,29.9861,-0.6642,-5.0614,0,1,0,C0;0;0;0;0;0,0.1
122,p000121.jpg,1727874995.0853,6.5236,6.0709,1.1915,51.2711,0.7914,-2.0506,0,1,0,C0;0;0;0;0;0,0.1
123,p000122.jpg,1727874996.1313,6.4755,5.9465,1.1595,53.6274,-0.1110,-4.8413,0,1,0,C0;0;0;0;0;0,0.1
124,p000123.jpg,1727874997.1313,6.4341,5.7732,1.0425,47.8238,-0.6745,0.4806,0,1,0,C0;0;0;0;0;0,0.1
125,p000124.jpg,1727874998.1313,6.4556,5.4065,0.9938,37.6742,-1.6438,0.3379,0,1,0,C0;0;0;0;0;0,0.1
126,p000125.jpg,1727874999.1733,6.3801,4.8695,0.8321,35.5994,-0.0403,-2.5376,0,1,0,C0;0;0;0;0;0,0.1
127,p000126.jpg,1727875000.1733,6.3221,4.2599,0.7746,33.9305,-1.3098,-5.1437,0,1,0,C0;0;0;0;0;0,0.1
128,p000127.jpg,1727875001.1733,6.3454,3.6403,0.7739,32.8128,-3.7329,-5.6307,0,1,0,C0;0;0;0;0;0,0.1
129,p000128.jpg,1727875002.2153,6.5694,3.0730,0.7349,54.8966,4.3521,-5.6752,0,1,0,C0;0;0;0;0;0,0.1
130,p000129.jpg,1727875003.2153,7.0354,2.6505,0.7180,61.2157,0.9126,-5.6256,0,1,0,C0;0;0;0;0;0,0.1
131,p000130.jpg,1727875004.2143,7.4289,2.4374,0.7442,39.0489,-3.5611,-0.7412,0,1,0,C0;0;0;0;0;0,0.1
132,p000131.jpg,1727875005.2153,7.9969,2.2308,0.6993,24.6999,-3.1372,-6.3672,0,1,0,C0;0;0;0;0;0,0.1
133,p000132.jpg,1727875006.2563,8.4924,2.1748,0.7299,8.4440,0.2178,-4.9139,0,1,0,C0;0;0;0;0;0,0.1
134,p000133.jpg,1727875007.2563,8.7421,2.3493,0.7096,1.3262,-1.5806,-7.2346,0,1,0,C0;0;0;0;0;0,0.1
135,p000134.jpg,1727875008.2563,8.7328,2.2859,0.8262,0.1066,-0.3201,7.4603,0,1,0,C0;0;0;0;0;0,0.1
136,p000135.jpg,1727875009.2563,8.7386,2.2268,0.8896,1.0183,0.3233,16.8909,0,1,0,C0;0;0;0;0;0,0.1
137,p000136.jpg,1727875010.2983,8.7375,2.1839,0.9088,2.0311,0.1116,22.8007,0,1,0,C0;0;0;0;0;0,0.1
138,p000137.jpg,1727875011.2983,8.7329,2.2763,0.8756,2.9598,0.6147,11.1170,0,1,0,C0;0;0;0;0;0,0.1
139,p000138.jpg,1727875012.2983,8.7546,2.3745,0.7305,4.2862,-0.1486,-5.6835,0,1,0,C0;0;0;0;0;0,0.1
140,p000139.jpg,1727875013.2983,8.8241,2.3196,0.7281,16.5688,-2.0834,-4.9287,0,1,0,C0;0;0;0;0;0,0.1
141,p000140.jpg,1727875014.3393,8.9190,2.2441,0.7907,30.9184,-2.1243,0.6904,0,1,0,C0;0;0;0;0;0,0.1
142,p000141.jpg,1727875015.3393,8.8514,2.1186,0.9146,31.1719,-1.1593,19.1478,0,1,0,C0;0;0;0;0;0,0.1
143,p000142.jpg,1727875016.3393,8.8524,2.0810,0.9597,31.2922,0.5465,24.1897,0,1,0,C0;0;0;0;0;0,0.1
144,p000143.jpg,1727875017.3813,8.8848,2.1591,0.9050,30.2158,-0.2604,15.1483,0,1,0,C0;0;0;0;0;0,0.1
145,p000144.jpg,1727875018.3813,8.9408,2.2877,0.7677,30.3361,-0.8928,-1.9221,0,1,0,C0;0;0;0;0;0,0.1
146,p000145.jpg,1727875019.3813,8.8739,2.3015,0.7540,29.5223,-0.4051,-0.6910,0,1,0,C0;0;0;0;0;0,0.1
147,p000146.jpg,1727875020.4233,8.4624,2.3664,0.6873,7.6400,-1.5870,-2.9619,0,1,0,C0;0;0;0;0;0,0.1
148,p000147.jpg,1727875021.4233,7.8227,2.4691,0.7252,-2.7315,-1.0204,1.1017,0,1,0,C0;0;0;0;0;0,0.1
149,p000148.jpg,1727875022.4233,7.1342,2.4316,0.7006,-5.7509,-0.9617,-3.5745,0,1,0,C0;0;0;0;0;0,0.1
150,p000149.jpg,1727875023.4643,6.3362,2.4113,0.7286,-5.9909,-0.9081,-0.7262,0,1,0,C0;0;0;0;0;0,0.1
151,p000150.jpg,1727875024.4643,5.7722,2.4638,0.7261,-7.0103,0.2773,-0.5516,0,1,0,C0;0;0;0;0;0,0.1
152,p000151.jpg,1727875025.4643,5.1116,2.4691,0.7381,-10.2876,1.2086,-1.7475,0,1,0,C0;0;0;0;0;0,0.1
153,p000152.jpg,1727875026.5063,4.4802,2.5774,0.7681,-7.8152,1.2339,-0.8255,0,1,0,C0;0;0;0;0;0,0.1
154,p000153.jpg,1727875027.5063,4.0440,2.5106,0.7476,-6.3214,0.2155,-4.3413,0,1,0,C0;0;0;0;0;0,0.1
155,p000154.jpg,1727875028.5063,3.9754,2.4826,0.8810,-7.7161,-0.9315,10.0802,0,1,0,C0;0;0;0;0;0,0.1
156,p000155.jpg,1727875029.5483,4.0243,2.4263,0.9589,-7.7835,1.0838,15.8315,0,1,0,C0;0;0;0;0;0,0.1
157,p000156.jpg,1727875030.5483,4.0278,2.4257,0.9578,-7.9823,0.2967,17.1648,0,1,0,C0;0;0;0;0;0,0.1
158,p000157.jpg,1727875031.5483,3.9940,2.5635,0.8224,-8.1429,-1.2632,-4.1669,0,1,0,C0;0;0;0;0;0,0.1
159,p000158.jpg,1727875032.5483,3.8861,2.5657,0.7599,-24.4472,-0.1336,-10.3252,0,1,0,C0;0;0;0;0;0,0.1
160,p000159.jpg,1727875033.5893,3.8367,2.4481,0.8675,-34.2046,-2.3284,3.6676,0,1,0,C0;0;0;0;0;0,0.1
161,p000160.jpg,1727875034.5893,3.8751,2.4139,0.9256,-34.8483,0.2055,7.8969,0,1,0,C0;0;0;0;0;0,0.1
162,p000161.jpg,1727875035.5893,3.8575,2.3668,0.7746,-29.8547,-2.0837,-2.8371,0,1,0,C0;0;0;0;0;0,0.1
163,p000162.jpg,1727875036.6313,4.0626,2.1857,0.7442,-26.1083,-0.9863,-3.6643,0,1,0,C0;0;0;0;0;0,0.1
164,p000163.jpg,1727875037.6313,4.1821,1.8580,0.7408,-20.0572,2.6128,-3.3416,0,1,0,C0;0;0;0;0;0,0.1
165,p000164.jpg,1727875038.6733,4.4587,1.5396,0.7337,-22.9019,2.4617,-4.8119,0,1,0,C0;0;0;0;0;0,0.1
166,p000165.jpg,1727875039.6753,4.7226,1.1507,0.7294,-12.8059,3.5810,-3.9403,0,1,0,C0;0;0;0;0;0,0.1
167,p000166.jpg,1727875040.6753,4.9358,0.8063,0.7283,-12.9788,-0.3725,-0.9818,0,1,0,C0;0;0;0;0;0,0.1
168,p000167.jpg,1727875041.7163,5.0686,0.2468,0.7198,-12.6030,1.1005,-2.1761,0,1,0,C0;0;0;0;0;0,0.1
169,p000168.jpg,1727875042.7163,5.1990,-0.3151,0.6766,1.1646,-0.8382,-4.0713,0,1,0,C0;0;0;0;0;0,0.1
170,p000169.jpg,1727875043.7163,5.3101,-0.8264,0.6738,3.3426,-2.1785,-5.4879,0,1,0,C0;0;0;0;0;0,0.1
171,p000170.jpg,1727875044.7583,5.3481,-1.4674,0.6451,3.1386,0.7597,-1.7993,0,1,0,C0;0;0;0;0;0,0.1
172,p000171.jpg,1727875045.7583,5.4171,-2.0964,0.6147,3.1039,0.8989,-0.7628,0,1,0,C0;0;0;0;0;0,0.1
173,p000172.jpg,1727875046.8003,5.4886,-2.6773,0.6040,-1.9597,0.0312,-4.8526,0,1,0,C0;0;0;0;0;0,0.1
174,p000173.jpg,1727875047.8003,5.4712,-3.3488,0.5815,-1.7154,1.1178,-2.0037,0,1,0,C0;0;0;0;0;0,0.1
175,p000174.jpg,1727875048.8003,5.5133,-3.9377,0.5724,1.1096,0.9120,-0.5635,0,1,0,C0;0;0;0;0;0,0.1
176,p000175.jpg,1727875049.8003,5.5586,-4.5048,0.5614,3.0632,1.5682,-4.3673,0,1,0,C0;0;0;0;0;0,0.1
177,p000176.jpg,1727875050.8413,5.4284,-5.1984,0.5410,12.7233,0.6320,-2.3568,0,1,0,C0;0;0;0;0;0,0.1
178,p000177.jpg,1727875051.8413,5.3166,-5.7334,0.5343,14.9598,1.9550,-2.8714,0,1,0,C0;0;0;0;0;0,0.1
179,p000178.jpg,1727875052.8413,5.1642,-6.2721,0.5115,14.6603,1.5387,-6.4880,0,1,0,C0;0;0;0;0;0,0.1
180,p000179.jpg,1727875053.8413,4.8723,-6.8180,0.5206,26.2923,0.6393,-6.6093,0,1,0,C0;0;0;0;0;0,0.1
181,p000180.jpg,1727875054.8833,4.6373,-7.3230,0.5414,23.2802,-1.7987,-4.7693,0,1,0,C0;0;0;0;0;0,0.1
182,p000181.jpg,1727875055.8833,4.3277,-7.8482,0.5248,26.9184,-2.0872,-3.4399,0,1,0,C0;0;0;0;0;0,0.1
183,p000182.jpg,1727875056.8833,4.0100,-8.4151,0.5226,28.6599,0.6586,-2.5014,0,1,0,C0;0;0;0;0;0,0.1
184,p000183.jpg,1727875057.9253,3.6879,-8.9982,0.4870,22.3425,-0.2589,-3.6513,0,1,0,C0;0;0;0;0;0,0.1
185,p000184.jpg,1727875058.9253,3.3202,-9.5577,0.4812,21.0145,-0.7171,-3.5252,0,1,0,C0;0;0;0;0;0,0.1
186,p000185.jpg,1727875059.9253,2.9700,-9.8977,0.4659,33.7444,0.5808,-2.4592,0,1,0,C0;0;0;0;0;0,0.1
187,p000186.jpg,1727875060.9663,2.4966,-10.2544,0.5225,34.1618,-0.4054,-3.4714,0,1,0,C0;0;0;0;0;0,0.1
188,p000187.jpg,1727875061.9663,1.9260,-10.5204,0.5483,36.2475,2.1527,-3.5713,0,1,0,C0;0;0;0;0;0,0.1
189,p000188.jpg,1727875062.9663,1.4193,-10.7343,0.5332,41.4135,0.1566,-3.1246,0,1,0,C0;0;0;0;0;0,0.1
190,p000189.jpg,1727875063.9663,0.9858,-10.8185,0.6055,40.9313,-1.7446,-4.4495,0,1,0,C0;0;0;0;0;0,0.1
191,p000190.jpg,1727875065.0083,0.6213,-10.7572,0.6833,44.9541,0.0434,-5.7371,0,1,0,C0;0;0;0;0;0,0.1
192,p000191.jpg,1727875066.0083,0.2697,-10.6337,0.7844,47.7699,1.0848,-5.6304,0,1,0,C0;0;0;0;0;0,0.1
193,p000192.jpg,1727875067.0083,0.0496,-10.4666,0.9819,45.8836,-1.5959,-5.0579,0,1,0,C0;0;0;0;0;0,0.1
194,p000193.jpg,1727875068.0083,-0.1523,-10.3033,1.1815,37.7788,-0.2336,-6.1651,0,1,0,C0;0;0;0;0;0,0.1
195,p000194.jpg,1727875069.0503,-0.3574,-10.1494,1.4498,33.9071,-3.5374,-4.4348,0,1,0,C0;0;0;0;0;0,0.1
196,p000195.jpg,1727875070.0503,-0.5887,-10.0491,1.6877,33.5434,-1.0353,-2.4085,0,1,0,C0;0;0;0;0;0,0.1
197,p000196.jpg,1727875071.0913,-0.7817,-9.8560,1.9204,29.3339,-2.9658,-1.2719,0,1,0,C0;0;0;0;0;0,0.1
198,p000197.jpg,1727875072.0913,-1.0495,-9.7408,2.1575,33.6297,-1.1645,-1.8944,0,1,0,C0;0;0;0;0;0,0.1
199,p000198.jpg,1727875073.0913,-1.2370,-9.6172,2.3298,30.7451,-1.6029,-1.8906,0,1,0,C0;0;0;0;0;0,0.1
200,p000199.jpg,1727875074.0913,-1.4262,-9.5083,2.5530,36.6221,-1.5171,-1.3756,0,1,0,C0;0;0;0;0;0,0.1
201,p000200.jpg,1727875075.1333,-1.6259,-9.3737,2.7682,31.5558,-0.7307,-2.8305,0,1,0,C0;0;0;0;0;0,0.1
202,p000201.jpg,1727875076.1333,-1.8442,-9.2118,3.0358,28.0020,-3.8608,-1.1222,0,1,0,C0;0;0;0;0;0,0.1
203,p000202.jpg,1727875077.1333,-2.1806,-9.0239,3.2384,31.0593,-0.2146,-2.2779,0,1,0,C0;0;0;0;0;0,0.1
204,p000203.jpg,1727875078.1743,-2.5050,-8.7306,3.2574,33.1892,-0.8460,0.2727,0,1,0,C0;0;0;0;0;0,0.1
205,p000204.jpg,1727875079.1743,-2.9900,-8.3625,3.2391,27.2327,2.2681,-2.8111,0,1,0,C0;0;0;0;0;0,0.1
206,p000205.jpg,1727875080.1743,-3.3322,-8.1232,3.3950,32.4945,2.0469,-3.6614,0,1,0,C0;0;0;0;0;0,0.1
207,p000206.jpg,1727875081.2163,-3.5366,-7.9279,3.5752,33.2261,2.0484,-2.2065,0,1,0,C0;0;0;0;0;0,0.1
208,p000207.jpg,1727875082.2163,-3.6457,-7.8341,3.6776,37.0836,-0.0534,-4.8878,0,1,0,C0;0;0;0;0;0,0.1
209,p000208.jpg,1727875083.2583,-3.6952,-7.8225,3.8357,38.4053,0.8993,-3.7648,0,1,0,C0;0;0;0;0;0,0.1
210,p000209.jpg,1727875084.2583,-3.7836,-7.7639,3.8477,28.9934,-0.0384,-8.2957,0,1,0,C0;0;0;0;0;0,0.1
211,p000210.jpg,1727875085.2583,-3.7714,-7.7284,3.7966,25.3988,-0.3616,-14.8944,0,1,0,C0;0;0;0;0;0,0.1
212,p000211.jpg,1727875086.2993,-3.8041,-7.8129,3.9469,25.3876,1.2220,5.4873,0,1,0,C0;0;0;0;0;0,0.1
213,p000212.jpg,1727875087.2993,-3.7096,-7.8890,3.9938,44.8420,0.3715,8.2523,0,1,0,C0;0;0;0;0;0,0.1
214,p000213.jpg,1727875088.2993,-3.6582,-7.9060,3.9560,53.5103,-0.2564,5.0649,0,1,0,C0;0;0;0;0;0,0.1
215,p000214.jpg,1727875089.3413,-3.6113,-7.8200,3.8333,51.4890,-1.3792,-10.4754,0,1,0,C0;0;0;0;0;0,0.1
216,p000215.jpg,1727875090.3413,-3.6832,-7.7318,3.8164,35.8640,-1.9816,-9.9331,0,1,0,C0;0;0;0;0;0,0.1
217,p000216.jpg,1727875091.3413,-3.8030,-7.6653,3.8551,29.7417,-0.7708,-8.1538,0,1,0,C0;0;0;0;0;0,0.1
218,p000217.jpg,1727875092.3833,-3.9846,-7.5353,4.1054,30.5862,0.4343,-7.0115,0,1,0,C0;0;0;0;0;0,0.1
219,p000218.jpg,1727875093.3833,-4.2185,-7.3957,4.2796,25.0147,0.3510,-8.1064,0,1,0,C0;0;0;0;0;0,0.1
220,p000219.jpg,1727875094.3833,-4.3755,-7.2587,4.5055,24.9298,-2.0534,-7.3153,0,1,0,C0;0;0;0;0;0,0.1
221,p000220.jpg,1727875095.3833,-4.6097,-7.1931,4.6089,34.5634,-0.5616,-6.4754,0,1,0,C0;0;0;0;0;0,0.1
222,p000221.jpg,1727875096.4243,-4.9649,-6.9165,4.7199,32.4327,2.5254,-4.7156,0,1,0,C0;0;0;0;0;0,0.1
223,p000222.jpg,1727875097.4243,-5.2394,-6.7712,4.7863,43.6229,-0.2263,-8.0996,0,1,0,C0;0;0;0;0;0,0.1
224,p000223.jpg,1727875098.4243,-5.3611,-6.6075,4.7915,35.1784,2.0973,-8.3840,0,1,0,C0;0;0;0;0;0,0.1
225,p000224.jpg,1727875099.4663,-5.4734,-6.5605,4.8480,26.3957,1.0396,-5.6317,0,1,0,C0;0;0;0;0;0,0.1
226,p000225.jpg,1727875100.4663,-5.5403,-6.5843,5.0216,24.6705,-0.6474,9.6556,0,1,0,C0;0;0;0;0;0,0.1
227,p000226.jpg,1727875101.4663,-5.4522,-6.6326,5.0377,37.7948,0.2438,9.0484,0,1,0,C0;0;0;0;0;0,0.1
228,p000227.jpg,1727875102.5083,-5.3309,-6.6957,5.0349,54.7979,0.2275,4.7942,0,1,0,C0;0;0;0;0;0,0.1
229,p000228.jpg,1727875103.5083,-5.2212,-6.6603,4.8084,59.0594,-0.0818,-13.8717,0,1,0,C0;0;0;0;0;0,0.1
230,p000229.jpg,1727875104.5083,-5.2546,-6.6133,4.7630,55.1206,-2.0947,-17.4328,0,1,0,C0;0;0;0;0;0,0.1
231,p000230.jpg,1727875105.5493,-5.3323,-6.5222,4.7483,41.8123,-0.8730,-18.7256,0,1,0,C0;0;0;0;0;0,0.1
232,p000231.jpg,1727875106.5493,-5.4544,-6.4647,4.8320,31.1912,-2.5995,-10.6924,0,1,0,C0;0;0;0;0;0,0.1
233,p000232.jpg,1727875107.5493,-5.4622,-6.5131,4.9518,33.5728,-2.4331,-1.1443,0,1,0,C0;0;0;0;0;0,0.1
234,p000233.jpg,1727875108.5913,-5.3570,-6.5812,4.9214,45.4356,-2.1653,-2.0216,0,1,0,C0;0;0;0;0;0,0.1
235,p000234.jpg,1727875109.5913,-5.3467,-6.5911,4.9139,47.2091,-2.3641,-3.7578,0,1,0,C0;0;0;0;0;0,0.1
236,p000235.jpg,1727875110.5913,-5.2453,-6.6164,4.7648,54.5247,-1.3901,-15.1887,0,1,0,C0;0;0;0;0;0,0.1
237,p000236.jpg,1727875111.5913,-5.3631,-6.6026,4.7122,46.9109,-4.9191,-14.4752,0,1,0,C0;0;0;0;0;0,0.1
238,p000237.jpg,1727875112.6333,-5.4206,-6.7396,4.7382,34.3520,-2.3227,-7.0393,0,1,0,C0;0;0;0;0;0,0.1
239,p000238.jpg,1727875113.6333,-5.5340,-6.8911,4.7258,34.4490,-2.5958,-3.6582,0,1,0,C0;0;0;0;0;0,0.1
240,p000239.jpg,1727875114.6333,-5.6629,-7.0671,4.7422,35.9381,-1.0924,-5.3139,0,1,0,C0;0;0;0;0;0,0.1
241,p000240.jpg,1727875115.6743,-5.6891,-7.2710,4.7180,22.8387,-5.9904,-7.4806,0,1,0,C0;0;0;0;0;0,0.1
242,p000241.jpg,1727875116.6333,-5.7775,-7.4777,4.7187,27.9602,-3.6471,-4.4186,0,1,0,C0;0;0;0;0;0,0.1
243,p000242.jpg,1727875117.6743,-5.6989,-7.7828,4.7369,28.7496,-5.6567,-6.6980,0,1,0,C0;0;0;0;0;0,0.1
244,p000243.jpg,1727875118.7163,-5.6929,-8.1445,4.6969,30.7228,-5.1478,-9.0616,0,1,0,C0;0;0;0;0;0,0.1
245,p000244.jpg,1727875119.7163,-5.4863,-8.4255,4.7302,49.2335,-5.4762,-9.1834,0,1,0,C0;0;0;0;0;0,0.1
246,p000245.jpg,1727875120.7573,-5.2836,-8.6617,4.7632,37.3597,-3.1992,-8.0555,0,1,0,C0;0;0;0;0;0,0.1
247,p000246.jpg,1727875121.7583,-5.0370,-8.7964,4.8618,33.7320,-2.8825,-7.7065,0,1,0,C0;0;0;0;0;0,0.1
248,p000247.jpg,1727875122.7993,-4.8760,-8.9148,5.0055,34.3692,-4.0040,-7.3784,0,1,0,C0;0;0;0;0;0,0.1
249,p000248.jpg,1727875123.7993,-4.6672,-9.0759,5.1883,35.1114,-4.3182,-5.9999,0,1,0,C0;0;0;0;0;0,0.1
250,p000249.jpg,1727875124.8413,-4.4825,-9.2385,5.4224,40.1525,-4.2994,-6.4742,0,1,0,C0;0;0;0;0;0,0.1
251,p000250.jpg,1727875125.8413,-4.2609,-9.3757,5.6429,44.5341,-3.0248,-5.4702,0,1,0,C0;0;0;0;0;0,0.1
252,p000251.jpg,1727875126.8413,-4.0913,-9.4884,5.8435,42.9797,-5.1964,-5.1442,0,1,0,C0;0;0;0;0;0,0.1
253,p000252.jpg,1727875127.8823,-3.8552,-9.5418,6.0817,43.5935,-3.6459,-2.5754,0,1,0,C0;0;0;0;0;0,0.1
254,p000253.jpg,1727875128.8843,-3.4926,-9.5946,6.2154,37.2493,-4.1704,-5.6042,0,1,0,C0;0;0;0;0;0,0.1
255,p000254.jpg,1727875129.9263,-3.0092,-9.3651,6.2824,33.2154,-2.4059,-2.1638,0,1,0,C0;0;0;0;0;0,0.1
256,p000255.jpg,1727875130.9263,-2.5326,-9.0392,6.2581,30.1988,-1.1011,-1.1901,0,1,0,C0;0;0;0;0;0,0.1
257,p000256.jpg,1727875131.9263,-2.2954,-8.7534,6.3174,35.0728,-0.5756,-1.1530,0,1,0,C0;0;0;0;0;0,0.1
258,p000257.jpg,1727875132.9683,-2.2222,-8.7106,6.4344,39.5043,-1.2254,1.9238,0,1,0,C0;0;0;0;0;0,0.1
259,p000258.jpg,1727875133.9683,-2.1907,-8.6899,6.3964,40.3929,-0.4625,-0.3612,0,1,0,C0;0;0;0;0;0,0.1
260,p000259.jpg,1727875134.9683,-2.1260,-8.6500,6.2685,44.2821,-0.8849,-14.5613,0,1,0,C0;0;0;0;0;0,0.1
261,p000260.jpg,1727875136.0093,-2.1922,-8.5961,6.2184,34.2553,-0.7138,-16.4434,0,1,0,C0;0;0;0;0;0,0.1
262,p000261.jpg,1727875137.0093,-2.3442,-8.5270,6.2588,19.2055,-1.9335,-14.7559,0,1,0,C0;0;0;0;0;0,0.1
263,p000262.jpg,1727875138.0093,-2.3739,-8.5624,6.4301,16.3575,-0.9212,-1.8730,0,1,0,C0;0;0;0;0;0,0.1
264,p000263.jpg,1727875139.0513,-2.3417,-8.6021,6.4487,22.3757,-0.5594,2.3219,0,1,0,C0;0;0;0;0;0,0.1
265,p000264.jpg,1727875140.0513,-2.2151,-8.6622,6.4713,42.3359,-0.2179,2.0644,0,1,0,C0;0;0;0;0;0,0.1
266,p000265.jpg,1727875141.0933,-2.1261,-8.6393,6.3009,46.1758,-0.7702,-11.5739,0,1,0,C0;0;0;0;0;0,0.1
267,p000266.jpg,1727875142.0933,-2.1905,-8.6000,6.2232,37.4056,-0.0467,-16.6624,0,1,0,C0;0;0;0;0;0,0.1
268,p000267.jpg,1727875143.0933,-2.4839,-8.5408,6.2256,29.3360,-0.3893,-10.4473,0,1,0,C0;0;0;0;0;0,0.1
269,p000268.jpg,1727875144.1343,-2.9053,-8.3071,6.2006,26.3444,2.0875,-8.1412,0,1,0,C0;0;0;0;0;0,0.1
270,p000269.jpg,1727875145.1343,-3.2733,-8.0787,6.3231,30.3738,2.5756,-7.7822,0,1,0,C0;0;0;0;0;0,0.1
271,p000270.jpg,1727875146.1343,-3.4944,-7.8973,6.5302,34.5533,0.4623,-9.1714,0,1,0,C0;0;0;0;0;0,0.1
272,p000271.jpg,1727875147.1343,-3.7243,-7.8585,6.7520,33.4937,0.1591,-6.7978,0,1,0,C0;0;0;0;0;0,0.1
273,p000272.jpg,1727875148.1763,-3.9027,-7.6653,6.9123,32.2809,-0.9881,-7.7374,0,1,0,C0;0;0;0;0;0,0.1
274,p000273.jpg,1727875149.1763,-4.1495,-7.5646,7.1623,34.9428,0.4568,-7.3770,0,1,0,C0;0;0;0;0;0,0.1
275,p000274.jpg,1727875150.1763,-4.3992,-7.4179,7.3914,33.7871,2.9435,-6.3099,0,1,0,C0;0;0;0;0;0,0.1
276,p000275.jpg,1727875151.2183,-4.6905,-7.2281,7.5224,35.8341,-1.2060,-8.0393,0,1,0,C0;0;0;0;0;0,0.1
277,p000276.jpg,1727875152.2183,-5.0017,-7.0456,7.6755,43.0885,-0.1810,-9.4308,0,1,0,C0;0;0;0;0;0,0.1
278,p000277.jpg,1727875153.2183,-5.1830,-6.7938,7.7112,44.2640,-2.2359,-7.5770,0,1,0,C0;0;0;0;0;0,0.1
279,p000278.jpg,1727875154.2593,-5.4178,-6.5654,7.8690,30.8623,2.3492,-7.9321,0,1,0,C0;0;0;0;0;0,0.1
280,p000279.jpg,1727875155.2593,-5.3984,-6.5860,7.9542,37.5589,-0.5242,-3.9931,0,1,0,C0;0;0;0;0;0,0.1
281,p000280.jpg,1727875156.2593,-5.2989,-6.6811,7.9238,54.5301,-2.0126,-3.9314,0,1,0,C0;0;0;0;0;0,0.1
282,p000281.jpg,1727875157.2593,-5.2304,-6.6577,7.7571,56.7673,-2.9932,-15.8440,0,1,0,C0;0;0;0;0;0,0.1
283,p000282.jpg,1727875158.3013,-5.3566,-6.5437,7.7199,38.3292,-1.4171,-18.3501,0,1,0,C0;0;0;0;0;0,0.1
284,p000283.jpg,1727875159.3013,-5.4089,-6.5279,7.8082,33.6924,-3.0686,-10.4933,0,1,0,C0;0;0;0;0;0,0.1
285,p000284.jpg,1727875160.3433,-5.2982,-6.6270,7.8603,48.9753,-2.0098,-8.2901,0,1,0,C0;0;0;0;0;0,0.1
286,p000285.jpg,1727875161.3433,-5.2817,-6.7054,7.9231,54.0923,-2.0828,-0.7194,0,1,0,C0;0;0;0;0;0,0.1
287,p000286.jpg,1727875162.3433,-5.3523,-6.6225,7.9463,41.9456,-0.9195,-0.9170,0,1,0,C0;0;0;0;0;0,0.1
288,p000287.jpg,1727875163.3843,-5.4095,-6.5009,7.8092,34.9628,-0.9887,-12.1646,0,1,0,C0;0;0;0;0;0,0.1
289,p000288.jpg,1727875164.3843,-5.3437,-6.6261,7.7489,46.4898,-2.2129,-10.5688,0,1,0,C0;0;0;0;0;0,0.1
290,p000289.jpg,1727875165.3843,-5.0388,-6.9229,7.7422,52.9338,-3.5465,-10.8637,0,1,0,C0;0;0;0;0;0,0.1
291,p000290.jpg,1727875166.3843,-4.7061,-7.1127,7.7295,55.7401,-3.8508,-5.8162,0,1,0,C0;0;0;0;0;0,0.1
292,p000291.jpg,1727875167.4263,-4.5497,-7.2747,7.6797,48.9853,-5.7015,-9.7449,0,1,0,C0;0;0;0;0;0,0.1
293,p000292.jpg,1727875168.4263,-4.3478,-7.3443,7.5652,44.4946,-7.0418,-8.1898,0,1,0,C0;0;0;0;0;0,0.1
294,p000293.jpg,1727875169.4263,-4.1743,-7.4591,7.3973,41.1472,-2.7378,-9.6296,0,1,0,C0;0;0;0;0;0,0.1
295,p000294.jpg,1727875170.4683,-4.0314,-7.5620,7.2871,43.1827,-2.4470,-10.2078,0,1,0,C0;0;0;0;0;0,0.1
296,p000295.jpg,1727875171.4673,-3.8449,-7.6159,7.1058,42.5818,-2.3844,-6.8463,0,1,0,C0;0;0;0;0;0,0.1
297,p000296.jpg,1727875172.4673,-3.6846,-7.8084,6.9273,49.1454,-6.4709,-8.9992,0,1,0,C0;0;0;0;0;0,0.1
298,p000297.jpg,1727875173.4673,-3.4765,-7.9006,6.7337,48.9982,-4.0136,-8.1238,0,1,0,C0;0;0;0;0;0,0.1
299,p000298.jpg,1727875174.5093,-3.3594,-8.0152,6.5552,46.5000,-4.7639,-10.1698,0,1,0,C0;0;0;0;0;0,0.1
300,p000299.jpg,1727875175.5093,-3.1804,-8.1292,6.4177,48.8699,-1.9314,-7.8113,0,1,0,C0;0;0;0;0;0,0.1
301,p000300.jpg,1727875176.5093,-2.9608,-8.2964,6.2489,40.6285,-3.5348,-10.2826,0,1,0,C0;0;0;0;0;0,0.1
302,p000301.jpg,1727875177.5093,-2.6869,-8.4773,6.2323,37.2069,-2.2817,-8.0146,0,1,0,C0;0;0;0;0;0,0.1
303,p000302.jpg,1727875178.5513,-2.7746,-8.7270,6.2215,32.1629,-1.8332,-8.8529,0,1,0,C0;0;0;0;0;0,0.1
304,p000303.jpg,1727875179.5513,-2.7172,-8.8839,6.2478,39.6861,1.1204,-5.5547,0,1,0,C0;0;0;0;0;0,0.1
305,p000304.jpg,1727875180.5923,-2.7447,-8.8567,6.2712,47.4572,-6.1718,-3.4867,0,1,0,C0;0;0;0;0;0,0.1
306,p000305.jpg,1727875181.5923,-2.7290,-8.9001,6.2407,39.3694,1.0429,-1.6051,0,1,0,C0;0;0;0;0;0,0.1
307,p000306.jpg,1727875182.5923,-2.9262,-8.9509,6.2282,31.2966,-6.8906,-5.4752,0,1,0,C0;0;0;0;0;0,0.1
308,p000307.jpg,1727875183.6343,-3.0576,-9.1851,6.2206,25.6311,-3.3688,-7.2868,0,1,0,C0;0;0;0;0;0,0.1
309,p000308.jpg,1727875184.6343,-3.2573,-9.4039,6.2293,32.3085,-4.8128,-8.1236,0,1,0,C0;0;0;0;0;0,0.1
310,p000309.jpg,1727875185.6343,-3.5320,-9.5413,6.2360,31.7586,-2.8008,-10.3664,0,1,0,C0;0;0;0;0;0,0.1
311,p000310.jpg,1727875186.6763,-3.7124,-9.4330,6.1877,26.2411,-1.2688,-10.9812,0,1,0,C0;0;0;0;0;0,0.1
312,p000311.jpg,1727875187.6763,-3.8999,-9.3806,6.1082,42.2973,-0.3917,-7.1454,0,1,0,C0;0;0;0;0;0,0.1
313,p000312.jpg,1727875188.6763,-4.1566,-9.2746,5.9352,37.5268,2.0151,-9.9389,0,1,0,C0;0;0;0;0;0,0.1
314,p000313.jpg,1727875189.7173,-4.3994,-9.1355,5.7497,37.3834,-0.7324,-5.2242,0,1,0,C0;0;0;0;0;0,0.1
315,p000314.jpg,1727875190.7173,-4.6127,-8.9786,5.5402,32.2487,1.4217,-8.8007,0,1,0,C0;0;0;0;0;0,0.1
316,p000315.jpg,1727875191.7173,-4.8723,-8.8064,5.3088,30.6838,-2.9512,-9.4870,0,1,0,C0;0;0;0;0;0,0.1
317,p000316.jpg,1727875192.7593,-5.0890,-8.6394,5.0693,31.2320,-4.4183,-10.7796,0,1,0,C0;0;0;0;0;0,0.1
318,p000317.jpg,1727875193.7593,-5.3624,-8.5238,4.8481,24.5071,-3.2402,-10.8261,0,1,0,C0;0;0;0;0;0,0.1
319,p000318.jpg,1727875194.8013,-5.5429,-8.1668,4.7310,29.0339,-2.7235,-10.2658,0,1,0,C0;0;0;0;0;0,0.1
320,p000319.jpg,1727875195.8013,-5.4617,-7.7125,4.7109,32.0571,-1.2554,-13.8578,0,1,0,C0;0;0;0;0;0,0.1
321,p000320.jpg,1727875196.8013,-5.2203,-7.3093,4.6339,29.7426,-3.4257,-14.6597,0,1,0,C0;0;0;0;0;0,0.1
322,p000321.jpg,1727875197.8423,-4.9070,-7.3129,4.6310,30.2064,1.4492,-11.8155,0,1,0,C0;0;0;0;0;0,0.1
323,p000322.jpg,1727875198.8423,-4.6505,-7.3699,4.4887,35.1001,-3.2011,-11.1424,0,1,0,C0;0;0;0;0;0,0.1
324,p000323.jpg,1727875199.8423,-4.3747,-7.5070,4.3588,36.2959,0.3147,-11.9421,0,1,0,C0;0;0;0;0;0,0.1
325,p000324.jpg,1727875200.8843,-4.1257,-7.5866,4.1775,31.2734,-3.4758,-8.7901,0,1,0,C0;0;0;0;0;0,0.1
326,p000325.jpg,1727875201.8843,-3.8896,-7.7455,3.9457,34.3466,-0.9990,-10.4414,0,1,0,C0;0;0;0;0;0,0.1
327,p000326.jpg,1727875202.9263,-3.6545,-7.9027,3.7057,31.2755,-0.6408,-7.6813,0,1,0,C0;0;0;0;0;0,0.1
328,p000327.jpg,1727875203.9263,-3.4635,-8.0057,3.4752,32.4821,-3.6455,-7.3823,0,1,0,C0;0;0;0;0;0,0.1
329,p000328.jpg,1727875204.9263,-3.2619,-8.1488,3.3122,30.8886,-4.5943,-7.5236,0,1,0,C0;0;0;0;0;0,0.1
330,p000329.jpg,1727875205.9673,-2.7942,-8.4981,3.2393,31.2136,-5.8213,-10.3786,0,1,0,C0;0;0;0;0;0,0.1
331,p000330.jpg,1727875206.9673,-2.3116,-8.9698,3.2380,28.7796,-2.8165,-8.3433,0,1,0,C0;0;0;0;0;0,0.1
332,p000331.jpg,1727875207.9673,-2.0269,-9.1440,3.1651,35.4132,-6.8459,-8.6199,0,1,0,C0;0;0;0;0;0,0.1
333,p000332.jpg,1727875209.0093,-1.7563,-9.3393,2.9216,32.5574,-5.2485,-6.5980,0,1,0,C0;0;0;0;0;0,0.1
334,p000333.jpg,1727875210.0093,-1.5951,-9.4745,2.6896,31.0316,-5.5719,-6.9229,0,1,0,C0;0;0;0;0;0,0.1
335,p000334.jpg,1727875211.0093,-1.3322,-9.5946,2.4576,29.5561,-4.5255,-5.4893,0,1,0,C0;0;0;0;0;0,0.1
336,p000335.jpg,1727875212.0513,-1.0292,-9.7837,2.1660,34.5851,-5.5932,-4.7527,0,1,0,C0;0;0;0;0;0,0.1
337,p000336.jpg,1727875213.0513,-0.7192,-9.9717,1.8461,34.0982,-2.7697,-6.3970,0,1,0,C0;0;0;0;0;0,0.1
338,p000337.jpg,1727875214.0923,-0.3534,-10.1496,1.4879,32.4653,-2.5844,-6.1917,0,1,0,C0;0;0;0;0;0,0.1
339,p000338.jpg,1727875215.0923,-0.0547,-10.3244,1.1063,28.9283,-6.4252,-4.6884,0,1,0,C0;0;0;0;0;0,0.1
340,p000339.jpg,1727875216.0923,0.3809,-10.4166,0.7843,36.2844,-8.3345,-13.0686,0,1,0,C0;0;0;0;0;0,0.1
341,p000340.jpg,1727875217.0923,0.6917,-10.1453,0.6802,31.0674,-2.1563,-7.4989,0,1,0,C0;0;0;0;0;0,0.1
342,p000341.jpg,1727875218.1343,0.6579,-9.5873,0.6938,31.9692,-3.8530,4.7970,0,1,0,C0;0;0;0;0;0,0.1
343,p000342.jpg,1727875219.1363,0.3938,-8.9005,0.6659,18.9020,0.4659,3.9751,0,1,0,C0;0;0;0;0;0,0.1
344,p000343.jpg,1727875220.1783,-0.0141,-8.3062,0.7006,23.3687,1.8340,4.0035,0,1,0,C0;0;0;0;0;0,0.1
345,p000344.jpg,1727875221.1783,-0.3627,-7.6295,0.6884,17.9079,-1.4689,0.9493,0,1,0,C0;0;0;0;0;0,0.1
346,p000345.jpg,1727875222.2193,-0.7923,-6.8626,0.6981,22.3597,-0.7172,1.2720,0,1,0,C0;0;0;0;0;0,0.1
347,p000346.jpg,1727875223.2193,-1.1210,-6.1107,0.7537,27.7738,1.7073,1.0257,0,1,0,C0;0;0;0;0;0,0.1
348,p000347.jpg,1727875224.2193,-1.3623,-5.2880,0.7156,29.3648,0.7684,1.0574,0,1,0,C0;0;0;0;0;0,0.1
349,p000348.jpg,1727875225.2193,-1.5381,-4.4930,0.7354,37.2778,1.7897,2.6269,0,1,0,C0;0;0;0;0;0,0.1
350,p000349.jpg,1727875226.2613,-1.5043,-3.6861,0.7598,40.9084,2.7384,2.7544,0,1,0,C0;0;0;0;0;0,0.1
351,p000350.jpg,1727875227.2613,-1.4027,-2.8777,0.7511,37.6997,0.1094,6.2685,0,1,0,C0;0;0;0;0;0,0.1
352,p000351.jpg,1727875228.2613,-1.2658,-2.0700,0.7386,34.4697,1.8602,4.8384,0,1,0,C0;0;0;0;0;0,0.1
353,p000352.jpg,1727875229.2613,-1.0312,-1.3382,0.7603,41.4276,2.8417,6.8314,0,1,0,C0;0;0;0;0;0,0.1
354,p000353.jpg,1727875230.3033,-0.5756,-0.6698,0.7063,34.1202,1.5345,9.7769,0,1,0,C0;0;0;0;0;0,0.1
355,p000354.jpg,1727875231.3033,-0.2135,-0.2175,0.5305,17.2334,-5.9434,4.1459,0,1,0,C0;0;0;0;0;0,0.1
356,p000355.jpg,1727875232.3033,0.0192,0.0481,0.2307,1.6821,0.2547,-1.3155,0,1,0,C0;0;0;0;0;0,0.1
357,p000356.jpg,1727875233.3443,0.0388,0.0307,0.1900,-0.8207,1.5325,1.6532,0,1,0,C0;0;0;0;0;0,0.1
358,p000357.jpg,1727875234.3443,0.0563,0.0327,0.1636,-2.7160,-0.0538,1.7654,0,1,0,C0;0;0;0;0;0,0.1
359,p000358.jpg,1727875235.3443,0.0163,0.0350,0.1748,-1.1155,-0.1221,1.6769,0,1,0,C0;0;0;0;0;0,0.1
360,p000359.jpg,1727875236.3443,0.0443,0.0218,0.1772,-1.1156,-0.1803,1.7254,0,1,0,C0;0;0;0;0;0,0.1
361,p000360.jpg,1727875237.3863,0.0335,0.0377,0.1714,-1.0124,0.0864,1.6533,0,1,0,C0;0;0;0;0;0,0.1
362,p000361.jpg,1727875238.3863,0.0305,0.0320,0.1814,-1.1723,0.1475,1.6585,0,1,0,C0;0;0;0;0;0,0.1
363,p000362.jpg,1727875239.4283,0.0462,0.0321,0.1684,-0.3252,-0.2551,1.6569,0,1,0,C0;0;0;0;0;0,0.1
364,p000363.jpg,1727875240.4283,0.0122,0.0273,0.1794,-0.4210,-0.1947,1.6426,0,1,0,C0;0;0;0;0;0,0.1
